File ,Rank
About Netscape.txt,28
accessing themes.txt,5
add-bookmark.txt,87
add-delete-ptoolbar-bookmark.txt,135
adding a panel.txt,118
adding folder to personal toolbar.txt,102
adding panel using javascript.txt,50
after entering data into form manager.txt,105
anchor history.txt,81
animated image stability.txt,12
arrow up and arrow down keys in Help.txt,21
automatic web cam refresh.txt,115
bookmarks links.txt,142
bookmarks manager.txt,17
browsing the web from Help.txt,183
button-dropdown.txt,73
cancel after deleting data from form manager.txt,126
change group.txt,77
clear history.txt,110
collapsing or expanding a toolbar.txt,34
copy-bad-stuff.txt,106
copy-complex-page.txt,14
copy-entities.txt,41
copy-from-dialog.txt,79
copy-img.txt,65
copy-js-text.txt,97
copy-large-img.txt,3
copy-large-text.txt,91
copy-paste-items.txt,124
copy-text-indented.txt,55
create-bookmark.txt,169
create-delete-separator.txt,175
create-folder.txt,148
Creating Web pages help content.txt,139
cursor icon.txt,40
custom-keywords.txt,104
customizing Netscape 6 help content.txt,141
customizing panels.txt,99
cut-undo-redo-items.txt,160
Default Panels.txt,83
default width.txt,7
delete link.txt,188
delete multiple links.txt,47
delete-bookmark.txt,181
delete-folder.txt,133
delete-multiple-bookmarks.txt,132
deleting a panel.txt,134
deleting all panels.txt,182
deleting data from the form manager.txt,190
Disable after saved password (preferences).txt,167
disjoint-select-table.txt,2
double-click-text.txt,70
drag receipt in Help.txt,39
drag-scroll-text.txt,62
drag-select-text.txt,49
dragging a folder from the desktop.txt,85
dragging a helper-application file from the desktop.txt,56
dragging a large image (stress).txt,117
dragging a text file from the desktop.txt,18
dragging an image onto the desktop.txt,35
dragging content to a dialog.txt,20
dragging from manage bookmarks menu to personal toolbar.txt,72
dragging from the Find File window.txt,128
dragging image files from the desktop.txt,71
dragging images across browser windows.txt,27
dragging into a frame-set page.txt,33
dragging into an editor window.txt,53
dragging invalid items from the desktop.txt,137
dragging items from the Bookmark Manager.txt,121
dragging items to the Bookmark Manager.txt,52
dragging onto the application icon.txt,122
dragging shortcuts from the desktop.txt,11
dragging the proxy icon on to the Desktop.txt,120
dragging the proxy icon.txt,75
dragging URL to an AIM window.txt,36
dragging URLs across browser windows.txt,136
dragging URLs onto the desktop.txt,74
edit-properties.txt,66
entering data into form manager.txt,194
Feedback Center.txt,8
file-bookmark.txt,157
forward and back items in Help.txt,46
frame history.txt,38
gif87a format images.txt,16
gif89a format images.txt,173
go menu list.txt,113
help contents in Help.txt,165
hide toolbar in Help.txt,112
image stress gif.txt,25
instant messenger help content.txt,58
International Users.txt,67
listing available local panels.txt,45
listing available remote panels.txt,6
loading (local).txt,127
loading (networked).txt,44
mage dithering.txt,24
mail and news help content.txt,164
maximum width.txt,51
mouse over panels.txt,10
multiple differing animated images.txt,63
multiple passwords.txt,189
multiple usernames.txt,108
navigation toolbar buttons functionality.txt,9
Netscape Technical Support help content.txt,76
new session.txt,143
New to the net- tutorial help content.txt,195
non-clickable items in Help.txt,86
non-default width.txt,93
nonexistent local file.txt,98
nonexistent URL.txt,140
open-close of sidebar.txt,22
opening web location dialog.txt,31
order and panel list saving.txt,179
PageUp-PageDn keys in Help.txt,114
panel title.txt,78
password dialog never for this site.txt,147
password dialog-no.txt,193
password enable through preferences.txt,192
password manager disable (preferences).txt,94
paste-into-folder.txt,152
pop-up.txt,69
portrait and landscape settings.txt,32
prefill form data - cancel.txt,158
prefill form data - choose.txt,42
prefill form data - ok.txt,129
previewing panels before addition.txt,23
reading a panel.txt,89
record after redirect.txt,13
record links.txt,163
reloading (upon image change).txt,37
remove all never saved passwords (pref).txt,186
remove all never saved passwords.txt,145
remove all saved passwords (prefs).txt,174
remove all saved passwords (prefs)2.txt,159
remove all saved passwords.txt,100
remove saved password (task).txt,177
remove saved password preferences.txt,191
rename-bookmark.txt,138
reorder-hierarchy.txt,178
reorder-item.txt,111
reordering panels.txt,64
resize after resized window.txt,151
resize columns.txt,109
resize to original size.txt,15
resize-columns.txt,146
resize.txt,116
Same time messaging help content.txt,168
save form data - never return.txt,187
save form data - never.txt,119
save form data - no.txt,150
save form data - yes.txt,180
save form data- edit.txt,162
save image.txt,54
save-state.txt,95
Security and privacy help content.txt,154
Security Center help content.txt,48
self-drop.txt,130
shift-select-text.txt,107
Shortcuts.txt,92
show hide columns.txt,144
show-hide-columns.txt,68
show-hide-folder.txt,123
sidebar-bookmark-search.txt,26
sidebar-change-engine.txt,153
sidebar-single-search.txt,166
sort columns.txt,82
sort-columns.txt,19
Streamlined interface help content.txt,101
surf golinks.txt,103
surf history.txt,80
surf-all-bookmarks.txt,125
surf-bookmark.txt,170
testing url-clean-search.txt,155
testing url-do-search.txt,88
The Best Standards support-help content.txt,171
toolbar in Help.txt,60
triple-click-text.txt,30
troubleshooting help -if you cannot sign on.txt,185
troubleshooting help about -can't see anyone in buddy list.txt,96
Understanding privacy help content.txt,184
unselecting panel.txt,1
URL in current browser window.txt,61
url-open-sidebar.txt,131
verifying that nothing changes when you cancel.txt,161
view never saved password (task).txt,4
view never saved password through preferences.txt,176
view saved password (pref).txt,149
view saved passwords (Task).txt,172
view-bookmarks.txt,43
view-properties.txt,156
wallpaper image.txt,90
What's new in Netscape 6- help content.txt,57
What's Related links.txt,84
What's Related lists.txt,29
X Bitmap (XBM) format images.txt,59
